Cliente,Tipo Presupuesto,Nombre,Unidad,Estado,Motivos,Origen,Campana,Id,IdDelegacion,IdCliente,Fecha,IdTipoPresupuesto,IdEstado,IdConsultor,Importe Fijo,Precio Completa Cerrado,Precio Media,Precio Hora,Codigo,Codigo Historico,IdMotivo,IdServicio,IdUnidadNegocio,IdTipoFacturaEmitida,Forma Envio Oferta,IdCampana,Fecha Acepta Rechaza,IdOrigenPresupuesto,F Mod,,,
,Calidad,Rafi,ISO'S,Rechazado,+ Cercanía,APPLUS proporciona contacto,,73023,1,2100084072,10/1/23,6,3,152,1000,1000,0,0,,,20,3,4,4,enmail,45,16/1/23,2,10/1/23,,,
07GLOBALAN,S.L.,Mantenimiento,Marta,IT,Aceptado,+ Autopresupuesto_no_otros_casos,BD prensa,,73141,1,2100080322,20/1/23,28,1,148,2995,2,2995,2,,,,70687_1,4,80,1,7,,,20/1/23,6,22/1/23
ACCENTURE SL,ISAE_3402,Marta,COMPLIANCE,Aceptado,+ Autopresupuesto_no_otros_casos,BD prensa,,73090,1,2100080719,16/1/23,215,1,148,5400,5400,,,,,4,82,2,5,,,16/2/23,6,16/1/23,,,
ACCOM BPAC, S.L,OHSAS,Jose_Miguel,ISO'S,Aceptado,+ Autopresupuesto_no_otros_casos,BD prensa,,72971,1,2100079710,23/12/22,36,1,125,2900,2900,300,400,,,4,5,4,5,,69,15/2/23,6,23/12/22,,
ACEDIS FORMACION, S.L.U.,Formacion bonificada,Marta,ISO'S,Aceptado,+ Autopresupuesto_no_otros_casos,BD prensa,,73287,1,2100064623,6/2/23,15,1,148,143,5,143,5,,,,,4,3,4,9,UGT,,6/2/23,6,6/2/23
ACEDIS FORMACION, S.L.U.,Formacion bonificada,Marta,ISO'S,Aceptado,+ Autopresupuesto_no_otros_casos,Arsenio: cliente,,73098,1,2100064623,17/1/23,15,1,148,143,5,143,5,,,,,2,2,4,9,,,17/1/23,3,17/1/23
Acerca Partners, S.L.,Mantenimiento,Marta,IT,Aceptado,+ Autopresupuesto_no_otros_casos,BD prensa,,72627,1,2100078298,8/11/22,28,1,148,3200,3200,,,,,4,81,1,6,,,8/2/23,6,8/11/22,,
Acerca Partners, S.L.,Mantenimiento,Marta,IT,Aceptado,+ Autopresupuesto_no_otros_casos,BD prensa,,73309,1,2100078298,8/2/23,28,1,148,2880,2880,,,,72627,4,19,1,7,,,8/2/23,6,8/2/23,,
ACIERTA ASISTENCIA S.A.,Formación,Marta,ISO'S,Aceptado,+ Autopresupuesto_no_otros_casos,BD prensa,,72948,1,2100082155,20/12/22,53,1,148,180,180,,,,,4,85,4,9,,,25/1/23,6,20/12/22,,,
ADMINISTRACION Y SERVICIOS TECNOLOGICOS 2001, S.L. ASERTEC,ENS,Sara,IT,Aceptado,+ Autopresupuesto_no_otros_casos,Cristina: conocidos,,73303,1,2100082682,8/2/23,212,1,142,400,400,,,,73279,1,5,80,1,5,,,8/2/23,12,8/2/23,
AGEFOR,Calidad,Patricio,ISO'S,Aceptado,+ Autopresupuesto_no_otros_casos,BD prensa,,73045,3,2100055842,12/1/23,6,1,140,340,340,220,50,,,4,3,4,6,e.mail,,13/1/23,6,12/1/23,,,
AGRUPACION GANADEROS MONTES DE MALAGA,Calidad,Rafi,ISO'S,Aceptado,+ Autopresupuesto_no_otros_casos,Arsenio: cliente,,73084,1,2100084096,16/1/23,6,1,152,1650,1650,,,,,5,3,4,4,ENMAIL,,19/1/23,3,16/1/23,,,
ALDES,9001_14001,Romina,ISO'S,Rechazado,+ Cercanía,Cliente: recomendación,,72615,1,2100083869,4/11/22,20,3,23,1350,2300,1350,2300,,,22,4,4,4,,46,24/1/23,9,4/11/22,,,
ALGADI ALIMENTACION Y DISTRIBUCION, S.A.U.,PLAN DE IGUALDAD,JESSICA,IGUALDAD,Aceptado,+ Autopresupuesto_no_otros_casos,BD prensa,,73047,5,2100084081,12/1/23,38,1,160,5500,5500,,,,,6,13,3,4,Email,,18/1/23,6,12/1/23,,
ALGECO CONSTRUCCIONES MODULARES, S.A,Ampliacion_Clasificacion,Romina,ADMINISTRACION GENERAL,Rechazado,+ Cercanía,APPLUS proporciona contacto,,72751,1,2047482147,22/11/22,171,3,23,300,650,0,0,,,23,1,0,0,,45,31/1/23,2,22/11/22,,
ALL4SEC, S.L.,ISO 27001,Romina,,Rechazado,+ Cercanía,AXESOR,,72881,1,2100077038,13/12/22,26,3,23,3200,3200,3200,0,,,28,19,,,,,4/1/23,5,13/12/22,,
AMBAR TELECOMUNICACIONES, S.L.,ENS,Marta,IT,Aceptado,+ Autopresupuesto_no_otros_casos,BD prensa,,72779,1,2100062074,25/11/22,212,1,148,5000,5000,5000,5000,,,4,80,1,5,,,24/1/23,6,25/11/22,,
AMBISER INNOVACIONES, S.L.,Proteccion_Datos,Jose_Miguel,COMPLIANCE,Aceptado,+ Autopresupuesto_no_otros_casos,BD prensa,,72285,1,2100077819,30/9/22,39,1,125,950,950,0,0,,,4,80,2,5,,47,30/1/23,6,30/9/22,,
ANDOVER COMEDORES Y LIMPIEZAS S.L.,22000,Arsenio,ISO'S,Aceptado,+ Autopresupuesto_no_otros_casos,BD prensa,,72993,2,2100077608,3/1/23,25,1,56,1750,1750,,,,,5,34,4,5,Mail,,11/1/23,6,3/1/23,,,
ANGEL24 SL,ENS,Sara,IT,Aceptado,+ Autopresupuesto_no_otros_casos,Cristina: conocidos,,73279,1,2100081903,6/2/23,212,1,142,200,200,,0,,,5,80,1,5,REV1,66,8/2/23,12,6/2/23,,,
ANYSAN DE BOADA, S.L.,Mantenimiento,Arsenio,ISO'S,Aceptado,+ Autopresupuesto_no_otros_casos,BD prensa,,72481,2,2047468377,19/10/22,28,1,56,350,350,,,,,5,3,4,6,Mail,,23/1/23,6,19/10/22,,
APEIRON SOFTWARE SL,LOPD_A_y_M,Sara,COMPLIANCE,Aceptado,+ Autopresupuesto_no_otros_casos,ECA proporciona contacto,,72521,1,2100078105,25/10/22,186,1,142,650,650,0,0,,,4,80,2,5,,66,3/1/23,13,25/10/22,,,
APEIROO LABS, SL,ISO 27001,Marta,IT,Aceptado,+ Autopresupuesto_no_otros_casos,Camara Comercio proporciona contacto,,72363,1,2100081274,6/10/22,26,1,148,2950,2950,,,,,11,19,1,4,IDONIKA GMBA SL CIF.- B86795911,,2/2/23,8,6/10/22,,
APIMET CONSTRUCCIONES AUTOPORTANTES SL,Clasificacion_obras_servicios,Romina,CLASIFICACION CONTRATISTAS,Aceptado,+ Autopresupuesto_no_otros_casos,APPLUS proporciona contacto,,72877,1,2100056817,13/12/22,170,1,23,950,950,950,50,,,2,1,8,4,,,27/1/23,2,13/12/22,,,
Aplicaciones de Inteligencia Artificial, S.A,ENS,Sara,IT,Rechazado,+ Cercanía,APPLUS proporciona contacto,,71119,1,2100079529,22/4/22,212,3,142,7100,4900,8950,5900,,,23,80,1,4,rev1,45,25/1/23,2,4/7/22,,
ARAN SALUT SERVICIS ASSISTENCIASU INTEGRATS SL,PLAN DE IGUALDAD,Sara,,Rechazado,+ Cercanía,APPLUS proporciona contacto,,71162,1,2100083296,28/4/22,38,3,142,3900,3900,0,0,,,26,13,,,,45,4/1/23,2,4/7/22,,,
ARRETA PAGOETA SLL,Calidad,Rafi,ISO'S,Rechazado,+ Cercanía,Arsenio: cliente,,72918,1,2100084032,15/12/22,6,3,152,1100,1100,,,,,19,4,4,,enmail,,13/1/23,3,15/12/22,,,
ASESORIA MARINA,PLAN DE IGUALDAD,Sara,IGUALDAD,Rechazado,+ Cercanía,APPLUS proporciona contacto,,72995,1,2100084056,3/1/23,38,3,142,850,350,0,0,,,26,13,3,4,,45,10/1/23,2,3/1/23,,,
ASIMAS,Mantenimiento,Sara,ISO'S,Aceptado,+ Autopresupuesto_no_otros_casos,Cristina: conocidos,,73296,1,2100062271,7/2/23,28,1,142,200,45,0,0,,,4,3,4,6,,66,9/2/23,12,7/2/23,,,
ASOCIACIÓN NIÑOS DEL TAMBO,Calidad,Sara,ISO'S,Rechazado,+ Cercanía,Arsenio: cliente,,73156,1,2100084121,23/1/23,6,3,142,1000,1000,0,0,,,26,3,4,4,,45,27/1/23,3,23/1/23,,,
ASOCIACION PALMEÑA DE AYUDA AL DROGODEPENDIENTE GUADALQUIVIR,Calidad,Rafi_partes,ISO'S,Rechazado,+ Cercanía,Arsenio: cliente,,72882,1,2100084019,13/12/22,6,3,155,1000,1000,,,,,25,3,4,,enmail,,6/1/23,3,13/12/22,,,
ASOCIACION PROVINCIAL DE AUTOESCUELAS DE LA RIOJA,Calidad,Patricio,ISO'S,Aceptado,+ Autopresupuesto_no_otros_casos,BD prensa,,73244,3,2100055138,1/2/23,6,1,140,220,220,180,50,,,4,3,4,6,e.mail,,2/2/23,6,1/2/23,,,
AUBAY SPAIN, S.A.U.,ENS,Marta,IT,Aceptado,+ Autopresupuesto_no_otros_casos,BD prensa,,73236,1,2047499920,31/1/23,212,1,148,5400,5400,,,,,4,80,1,5,,,14/2/23,6,31/1/23,,
AUBAY SPAIN, S.A.U.,9001_14001,Clara,ISO'S,Aceptado,+ Autopresupuesto_no_otros_casos,BD prensa,,73346,1,2047499920,13/2/23,20,1,143,1960,1960,0,0,,,4,19,4,6,EMAIL,,14/2/23,6,13/2/23,,
AULADRUPAL, S.L.,varios,Jose_Miguel,IT,Rechazado,+ Cercanía,Cliente: recomendación,,72357,1,2100083814,5/10/22,43,3,125,5200,5200,0,0,,,24,3,1,4,,46,1/2/23,9,5/10/22,,
AUTIS INGENIEROS, S.L.U.,Tisax,Jose_Miguel,IT,Aceptado,+ Autopresupuesto_no_otros_casos,APPLUS proporciona contacto,,73272,1,2100084157,3/2/23,213,1,125,7350,7350,0,0,,,13,81,1,4,,45,7/2/23,2,3/2/23,,
AUTOCARES CARLOS, S.L.,Mantenimiento,Jose_Miguel,ISO'S,Aceptado,+ Autopresupuesto_no_otros_casos,BD prensa,,73217,1,2100003878,30/1/23,28,1,125,250,250,,,,,4,3,4,6,,,2/2/23,6,30/1/23,,
AUTOESCOLA MONTAUTO,Calidad,Sara,,Rechazado,+ Cercanía,Camara Comercio proporciona contacto,,72884,1,2100084021,13/12/22,6,3,142,1800,1800,0,0,,,19,3,,,,46,5/1/23,8,13/12/22,,,
AUTOESCUELA  ACADEMIA RALLY, S.L.,Auditoria,Jose_Miguel,ISO'S,Aceptado,+ Autopresupuesto_no_otros_casos,Cristina: conocidos,,71860,1,2100056383,22/7/22,54,1,125,250,250,,,,,4,3,4,6,,,1/2/23,12,22/7/22,,
AUTOESCUELA JESUS MOLINA S.L.,Auditoria,Jose_Miguel,ISO'S,Aceptado,+ Autopresupuesto_no_otros_casos,Cristina: conocidos,,71861,1,2100056376,22/7/22,54,1,125,250,250,,,,,4,3,4,6,,,1/2/23,12,22/7/22,,,
AUTOESCUELAS CONFEDERADAS, S.R.L.U,,9001_14001,Marta,ISO'S,Aceptado,+ Autopresupuesto_no_otros_casos,BD prensa,,73132,16,2100080901,20/1/23,20,1,148,3900,3900,,,,,4,3,4,5,,,24/1/23,6,20/1/23,
AVESAN SANIDAD AMBIENTAL, S.L.,Mantenimiento,Romina,ISO'S,Aceptado,+ Autopresupuesto_no_otros_casos,BD prensa,,73064,1,2100064261,13/1/23,28,1,23,600,600,600,0,,,4,3,4,6,,,31/1/23,6,13/1/23,,
AYESA ADVANCED TECHNOLOGIES, S.A,ENS,Administrador General,IT,Aceptado,+ Autopresupuesto_no_otros_casos,BD prensa,,72972,1,2100064419,23/12/22,212,1,70,1850,1859,1850,1850,,,4,80,1,6,@nestor,,23/1/23,6,23/12/22,,
AYUNTAMIENTO DE CABRA,Mantenimiento,Rafi,ISO'S,Aceptado,+ Autopresupuesto_no_otros_casos,Cristina: conocidos,,73103,1,2100004455,17/1/23,28,1,152,550,550,0,0,,,4,3,4,6,enmail,91,2/2/23,12,17/1/23,,,
AYUNTAMIENTO DE CORTECONCEPCIÓN,PLAN DE IGUALDAD,Rafi,IGUALDAD,Pendiente,+ Buena gestión comercial,AXESOR,,73169,1,2047480352,24/1/23,38,2,152,280,280,0,0,,,0,13,3,0,enmail,89,24/1/23,5,24/1/23,,,
AYUNTAMIENTO DE CORTECONCEPCIÓN,PLAN DE IGUALDAD,Rafi,IGUALDAD,Pendiente,+ Buena gestión comercial,AXESOR,,73168,1,2047480352,24/1/23,38,2,152,120,120,0,0,,,0,13,3,0,enmail,89,24/1/23,5,24/1/23,,,
AYUNTAMIENTO DE EL CERRO DE ANDÉVALO,PLAN DE IGUALDAD,Rafi,IGUALDAD,Pendiente,+ Buena gestión comercial,AXESOR,,73179,1,2047480360,25/1/23,38,2,152,120,120,0,0,,,0,13,3,4,enmail,89,25/1/23,5,25/1/23,,,
AYUNTAMIENTO DE EL CERRO DE ANDÉVALO,PLAN DE IGUALDAD,Rafi,IGUALDAD,Pendiente,+ Buena gestión comercial,AXESOR,,73180,1,2047480360,25/1/23,38,2,152,280,280,0,0,,,0,13,3,4,enmail,89,25/1/23,5,25/1/23,,,
AYUNTAMIENTO DE EL GRANADO,PLAN DE IGUALDAD,Rafi,IGUALDAD,Pendiente,+ Buena gestión comercial,AXESOR,,73183,1,2047480361,25/1/23,38,2,152,280,280,0,0,,,0,13,3,4,enmail,89,25/1/23,5,25/1/23,,,
AYUNTAMIENTO DE EL GRANADO,PLAN DE IGUALDAD,Rafi,IGUALDAD,Pendiente,+ Buena gestión comercial,AXESOR,,73182,1,2047480361,25/1/23,38,2,152,120,120,0,0,,,0,13,3,4,enmail,89,25/1/23,5,25/1/23,,,
AYUNTAMIENTO DE LA CAROLINA,Mantenimiento,Marta,ISO'S,Aceptado,+ Autopresupuesto_no_otros_casos,BD prensa,,72968,1,2100004606,23/12/22,28,1,148,1200,1200,,,,,4,3,4,6,,,20/1/23,6,23/12/22,,,
AYUNTAMIENTO DE LUCENA,Mantenimiento,Rafi,ISO'S,Pendiente,+ Buena gestión comercial,Cristina: conocidos,,73105,1,2047468175,17/1/23,28,2,152,1300,1300,0,0,,,0,3,4,6,enmail,91,17/1/23,12,17/1/23,,,
AYUNTAMIENTO DE MIGUELTURRA,ENS,Marta,IT,Aceptado,+ Autopresupuesto_no_otros_casos,Clientes consultores previos a incorporación a CYG,,72966,2,2047490640,22/12/22,212,1,148,5600,5600,,,,,5,80,1,4,,,13/1/23,10,22/12/22,,,
AYUNTAMIENTO DE MINAS DE RIOTINTO,PLAN DE IGUALDAD,Rafi,IGUALDAD,Pendiente,+ Buena gestión comercial,AXESOR,,73197,1,2047480378,26/1/23,38,2,152,2450,2450,0,0,,,0,13,3,4,enmail,89,26/1/23,5,26/1/23,,,
AYUNTAMIENTO DE VILLAHARTA DE CÓRDOBA,PLAN DE IGUALDAD,Rafi,IGUALDAD,Pendiente,+ Buena gestión comercial,AXESOR,,73114,1,2100004752,18/1/23,38,2,152,120,120,0,0,,,0,13,3,4,enmail,43,18/1/23,5,18/1/23,,,
AYUNTAMIENTO DE VILLAHARTA DE CÓRDOBA,PLAN DE IGUALDAD,Rafi,IGUALDAD,Pendiente,+ Buena gestión comercial,AXESOR,,73113,1,2100004752,18/1/23,38,2,152,280,280,0,0,,,0,13,3,4,enmail,43,18/1/23,5,18/1/23,,,
BABEL SISTEMAS DE INFORMACION, S.L.,Auditoria,ELENA,IT,Aceptado,+ Autopresupuesto_no_otros_casos,Cristina: conocidos,,73240,5,2100004906,1/2/23,54,1,137,475,475,,,,,4,19,1,6,,,7/2/23,12,1/2/23,,
BAR JUAN,PLAN DE IGUALDAD,Rafi,IGUALDAD,Rechazado,+ Cercanía,APPLUS proporciona contacto,,72786,1,2100083981,25/11/22,38,3,152,99,99,,,,,25,13,3,,enmail,,9/1/23,2,25/11/22,,,
BARATZ SERVICIOS DE TELEDOCUMENTACIÓN SA,Calidad,Sara,ISO'S,Aceptado,+ Autopresupuesto_no_otros_casos,BD prensa,,71713,1,2100052724,30/6/22,6,1,142,1900,1900,0,0,,,2,80,4,5,,66,24/1/23,6,4/7/22,,,
BASIQGRUP SERVEIS INTEGRALS SL,Clasificacion_obras,Romina,CLASIFICACION CONTRATISTAS,Aceptado,+ Autopresupuesto_no_otros_casos,APPLUS proporciona contacto,,73258,1,2100084151,2/2/23,168,1,23,950,950,50,50,,,2,1,8,4,,45,9/2/23,2,2/2/23,,,
BIANTIK SLU,ENS,Marta,IT,Aceptado,+ Autopresupuesto_no_otros_casos,Camara Comercio proporciona contacto,,72573,1,2100083880,31/10/22,212,1,148,790,790,0,0,,,11,80,1,6,Email Marta,46,15/2/23,8,30/10/22,,,
BRAINWIN CONSULTING, S.L.,ISAE_3402,Marta,COMPLIANCE,Aceptado,+ Autopresupuesto_no_otros_casos,BD prensa,,73143,1,2100075089,23/1/23,215,1,148,1250,1250,,,,,4,82,2,5,Implant Procobro CYG,,9/2/23,6,23/1/23,,
BRAINWIN CONSULTING, S.L.,Auditoria,Marta,IT,Aceptado,+ Autopresupuesto_no_otros_casos,Camara Comercio proporciona contacto,,73337,1,2100075089,10/2/23,54,1,148,1000,1000,,,,,4,3,1,6,Diggia,,13/2/23,8,10/2/23,,
CANON MEDICAL SYSTEMS S.A.,ENS,Marta,IT,Aceptado,+ Autopresupuesto_no_otros_casos,Cliente: recomendación,,72945,1,2100084041,20/12/22,212,1,148,5600,5600,0,0,,,10,80,1,4,,46,10/1/23,9,20/12/22,,,
CASA VICTORIA SUITES,Huella_carbono,Rafi,ISO'S,Pendiente,+ Buena gestión comercial,AXESOR,,73336,1,2100084169,10/2/23,48,2,152,1200,1200,0,0,,,0,35,4,4,enmail,92,10/2/23,5,10/2/23,,,
CATFA FORMACION Y EMPLEO, S.A,Mantenimiento,Marta,IT,Aceptado,+ Autopresupuesto_no_otros_casos,BD prensa,,73040,1,2047480431,11/1/23,28,1,148,696,696,,,,,4,19,1,7,,,21/1/23,6,11/1/23,,
CATRI, S.L.,PLAN DE IGUALDAD,Sara,IGUALDAD,Rechazado,+ Cercanía,APPLUS proporciona contacto,,73128,1,2100084112,19/1/23,38,3,142,1900,750,0,0,,,25,13,3,4,,45,15/2/23,2,19/1/23,,
CAVALA Gabinete de Asesoría Empresarial S.L.,ENS,Marta,IT,Aceptado,+ Autopresupuesto_no_otros_casos,Camara Comercio proporciona contacto,,72984,1,2100073405,28/12/22,212,1,148,3800,3800,,,,,4,80,1,5,Tradegesur,,27/1/23,8,28/12/22,,,
CAVALA Gabinete de Asesoría Empresarial S.L.,Auditoria,Marta,IT,Aceptado,+ Autopresupuesto_no_otros_casos,BD prensa,,73148,1,2100073405,23/1/23,54,1,148,375,375,,,,,4,19,1,6,MCLehm,,27/1/23,6,23/1/23,,,
Centro de Innovacion de Servicios Gestionados Avanzados S.L,ENS,Romina,IT,Aceptado,+ Autopresupuesto_no_otros_casos,BD prensa,,73167,1,2100080560,24/1/23,212,1,23,1900,1900,1900,,,,4,80,1,5,,,24/1/23,6,24/1/23,,,
CENTRO FORMATIVO ALMORADI, S.L.,Mantenimiento,Marta,ISO'S,Aceptado,+ Autopresupuesto_no_otros_casos,BD prensa,,73124,1,2100062637,19/1/23,28,1,148,650,650,,,,,4,3,4,6,,,1/2/23,6,19/1/23,,
CENTRO FORMATIVO ALMORADI, S.L.,ISO 27001,Marta,ISO'S,Aceptado,+ Autopresupuesto_no_otros_casos,BD prensa,,73227,1,2100062637,30/1/23,26,1,148,300,300,,,,,4,3,4,6,,,31/1/23,6,30/1/23,,
CESAL ONG,Calidad,Romina,ISO'S,Rechazado,+ Cercanía,APPLUS proporciona contacto,,72683,1,2100007066,14/11/22,6,3,23,1900,2500,480,680,,,23,3,4,4,,45,13/2/23,2,14/11/22,,,
CLOTHOS S.L.,Mantenimiento,Arsenio,ISO'S,Aceptado,+ Autopresupuesto_no_otros_casos,Cristina: conocidos,,73111,2,2047468475,18/1/23,28,1,56,395,395,,,,,5,3,4,6,Mail,,19/1/23,12,18/1/23,,,
CM HOTELS,Huella_carbono,Rafi,ISO'S,Pendiente,+ Buena gestión comercial,AXESOR,,73362,1,2100084185,14/2/23,48,2,152,3900,3900,0,0,,,0,35,4,4,ENMAIL,92,14/2/23,5,14/2/23,,,
CODISA - PREDIF ANDALUCIA,Mantenimiento,Jose_Miguel,ISO'S,Aceptado,+ Autopresupuesto_no_otros_casos,BD prensa,,73311,1,2100074681,8/2/23,28,1,125,190,190,,40,,,4,3,4,6,,,10/2/23,6,8/2/23,,,
COMPAÑIA INSULAR DE COMUNICACIONES CICOM 96, S.L.,ENS,Jose_Miguel,IT,Aceptado,+ Autopresupuesto_no_otros_casos,AXESOR,,73052,1,2100081781,12/1/23,212,1,125,5900,5900,0,0,,,13,80,1,4,,69,23/1/23,5,12/1/23,,
COMUNITELIA COMUNICACIONES S.L.,ENS,Marta,IT,Rechazado,+ Cercanía,BD prensa,,73071,1,2100079506,16/1/23,212,3,148,1500,1500,,,,,24,80,1,5,,,6/2/23,6,14/1/23,,,
CONNECT INFORMATICS SRL,ENS,Marta,IT,Aceptado,+ Autopresupuesto_no_otros_casos,APPLUS proporciona contacto,,68348,1,2100081363,12/4/21,212,1,148,4900,4900,0,0,,,8,80,1,4,Email Marta,45,10/2/23,2,4/7/22,,,
CONSTRUCCIONES GALLARDO BARRERA, S.L.,Renovacion_Clasificacion,Romina,ADMINISTRACION GENERAL,Rechazado,+ Cercanía,Cristina: conocidos,,72792,5,2047467778,28/11/22,172,3,23,560,560,560,0,,,24,1,0,0,,0,19/1/23,12,28/11/22,,
CONSTRUCCIONES SIETE ARROYOS, S.L.,Auditoria,Rafael,ISO'S,Aceptado,+ Autopresupuesto_no_otros_casos,Cristina: conocidos,,73056,1,2047468489,12/1/23,54,1,1,300,300,0,0,,,4,3,4,6,mail,50,16/1/23,12,12/1/23,,
Construcciones y Reformas CAMPME, S.L.,Proteccion_Datos,Romina,COMPLIANCE,Aceptado,+ Autopresupuesto_no_otros_casos,Cristina: conocidos,,72308,1,2100081280,3/10/22,39,1,23,250,250,250,0,,,4,6,2,5,,65,24/1/23,12,3/10/22,,
CONSULTORIA E INTEGRACION DE SISTEMAS S.L.,Madrid_Excelente,Susana,ISO'S,Aceptado,+ Autopresupuesto_no_otros_casos,Cristina: conocidos,,72878,2,2047499177,13/12/22,52,1,25,355,355,230,50,,,4,27,4,6,mail susana,,23/1/23,12,13/12/22,,,
CONTRATAS Y OBRAS CORE, S.L.,Mantenimiento_anual,Jose_Miguel,ISO'S,Aceptado,+ Autopresupuesto_no_otros_casos,Cristina: conocidos,,73104,1,2100075853,17/1/23,192,1,125,960,960,,,,73055,,3,4,7,,,17/1/23,12,17/1/23,,
COOLTRA MOTOS, S.L.U.,PLAN DE IGUALDAD,ALICIA,IGUALDAD,Aceptado,+ Autopresupuesto_no_otros_casos,BVQi proporciona contacto,,73050,5,2100084083,12/1/23,38,1,159,1800,1800,,,,,,13,3,4,email,,16/1/23,7,12/1/23,,
COREGRID SL,ENS,Sara,IT,Aceptado,+ Autopresupuesto_no_otros_casos,APPLUS proporciona contacto,,69150,1,2100081827,8/7/21,212,1,142,3900,3900,0,0,,,5,80,1,4,rev 1,0,12/1/23,2,4/7/22,,,
COVLINE CONSULTING, S.L,varios,Romina,SOSTENIBILIDAD Y RESPONSABILIDAD SOCIAL CORPORATIVA,Rechazado,+ Cercanía,BD prensa,,72978,1,2100078463,27/12/22,43,3,23,1500,1500,1500,,,,26,19,6,5,,,6/2/23,6,27/12/22,,
COVLINE CONSULTING, S.L,Calidad,Romina,ISO'S,Aceptado,+ Autopresupuesto_no_otros_casos,BD prensa,,72991,1,2100078463,3/1/23,6,1,23,1450,1450,1450,,,,4,3,4,5,,,15/2/23,6,3/1/23,,
CT INGENIEROS A.A.I., S.L.,Auditoria,ELENA,ISO'S,Aceptado,+ Autopresupuesto_no_otros_casos,Cristina: conocidos,,72898,16,2100065827,14/12/22,54,1,137,720,720,,,,,4,4,4,6,,,12/1/23,12,14/12/22,,
CUIDAR-T SALUD ALS S.L.,Mantenimiento_anual,Marta,COMPLIANCE,Aceptado,+ Autopresupuesto_no_otros_casos,BD prensa,,73293,1,2100082759,7/2/23,192,1,148,600,600,,,,73249,4,6,2,7,,,7/2/23,6,7/2/23,,,
CUIDAR-T SALUD ALS S.L.,Proteccion_Datos,Marta,COMPLIANCE,Aceptado,+ Autopresupuesto_no_otros_casos,BD prensa,,73249,1,2100082759,1/2/23,39,1,148,590,590,,,,,4,6,2,5,,,7/2/23,6,1/2/23,,,
CWT GLOBAL ESPAÑA, S.L.,varios,Jose_Miguel,ISO'S,Rechazado,+ Cercanía,Arsenio: cliente,,69788,1,2100082265,27/10/21,43,3,125,3500,4100,0,0,,,24,3,4,4,,45,30/1/23,3,4/7/22,,
DAM ABOGADOS,ENS,Sara,IT,Rechazado,+ Cercanía,AENOR proporciona contacto,,71754,1,2100083528,7/7/22,212,3,142,2400,2400,0,0,,,26,80,1,4,,45,2/2/23,1,7/7/22,,,
DARWIN PARTNERS S.L.,ISAE_3402,Marta,COMPLIANCE,Aceptado,+ Autopresupuesto_no_otros_casos,Camara Comercio proporciona contacto,,73274,1,2100084159,3/2/23,215,1,148,0,0,0,0,,,9,82,2,4,,46,8/2/23,8,3/2/23,,,
DATALIA PROTECCIÓN DE DATOS S.L.,ISO 27001,Marta,IT,Aceptado,+ Autopresupuesto_no_otros_casos,BD prensa,,72917,1,2100082093,15/12/22,26,1,148,3150,3150,,,,,4,19,1,6,OP RIOJA,,13/1/23,6,15/12/22,,,
DATAX INTELLIGENCE, S.L.,Mantenimiento,Marta,IT,Aceptado,+ Autopresupuesto_no_otros_casos,BD prensa,,73037,5,2100083027,11/1/23,28,1,148,3920,3920,,,,,4,19,1,6,,,13/1/23,6,11/1/23,,
DAYCOM 2000 S.L.,Mantenimiento,Arsenio,ISO'S,Aceptado,+ Autopresupuesto_no_otros_casos,BD prensa,,73213,2,2100065428,29/1/23,28,1,56,750,750,,,,,5,3,4,6,Mail,,30/1/23,6,29/1/23,,,
DECORVALLES 2000, SL,Mantenimiento,Jose_Miguel,ISO'S,Aceptado,+ Autopresupuesto_no_otros_casos,Cristina: conocidos,,73178,1,2100081114,25/1/23,28,1,125,490,490,0,0,,,4,3,4,6,,45,27/1/23,12,25/1/23,,
DERMACLAIM LAB SL,ISO 27001,Sara,IT,Rechazado,+ Cercanía,APPLUS proporciona contacto,,73265,1,2100084154,3/2/23,26,3,142,4900,300,650,0,,,17,19,1,4,,45,8/2/23,2,3/2/23,,,
DERRIBOS ENKARTADOS S.L.,9001_14001,Rafi,ISO'S,Rechazado,+ Cercanía,Arsenio: cliente,,72513,1,2100080820,25/10/22,20,3,152,2750,2750,,,,,17,3,4,4,ENMAIL,,18/1/23,3,25/10/22,,,
DIEGO ARIZA CIVICO,ENS,Yolanda Alcaraz,IT,Aceptado,+ Autopresupuesto_no_otros_casos,BD prensa,,73364,1,2100076590,14/2/23,212,1,81,260,0,,,,72580,4,80,1,6,email,,14/2/23,6,14/2/23,,,
DINATEL SYSTEMS, SL,ISO 27001,Jose_Miguel,IT,Rechazado,+ Cercanía,APPLUS proporciona contacto,,71046,1,2100083202,11/4/22,26,3,125,3300,3300,0,0,,,23,19,1,4,antigua por 3600 €,45,14/2/23,2,4/7/22,,
DIRECCION Y GESTION TECNICA ALIMENTARIA SA (DISTEGSA SA),PLAN DE IGUALDAD,JESSICA,IGUALDAD,Rechazado,+ Cercanía,BD prensa,,73191,5,2100084131,25/1/23,38,3,160,900,900,,,,,6,13,3,4,Email,,2/2/23,6,25/1/23,,,
DISEÑO Y ARQUITECTURA DE CUADROS ELECTRICOS,SL,Calidad,Sara,ISO'S,Rechazado,+ Cercanía,Arsenio: cliente,,72671,1,2100083923,11/11/22,6,3,142,2200,2200,0,0,,,17,3,4,4,,45,30/1/23,3,11/11/22,,
DISEÑOS METÁLICOS HB,Marcado_CE_Estructuras,Jose_Miguel,ISO'S,Rechazado,+ Cercanía,Arsenio: cliente,,73159,1,2100084117,23/1/23,164,3,125,1700,1700,0,0,,,24,12,4,4,,45,1/2/23,3,23/1/23,,,
DISTRIBUCIONES HIDALGO, SL,Calidad,Clara,ISO'S,Aceptado,+ Autopresupuesto_no_otros_casos,BD prensa,,73339,5,2100077753,10/2/23,6,1,143,570,570,0,0,,,4,3,4,6,email,,14/2/23,6,10/2/23,,
DORNIER, S.A.,ENS,Sara,IT,Aceptado,+ Autopresupuesto_no_otros_casos,APPLUS proporciona contacto,,67096,1,2100064599,10/11/20,212,1,142,4100,4100,0,0,,,2,80,1,4,rev4,45,14/2/23,2,4/7/22,,
DUMO, SPJ,9001_14001,Sara,ISO'S,Rechazado,+ Cercanía,APPLUS proporciona contacto,,69811,1,2100082277,28/10/21,20,3,142,2300,2300,0,0,,,26,3,4,,,45,12/1/23,2,4/7/22,,
EASTERN CHEMICALS SA,Calidad,Sara,ISO'S,Rechazado,+ Cercanía,Arsenio: cliente,,73015,1,2100084067,9/1/23,6,3,142,1200,1200,0,0,,,25,3,4,4,,45,23/1/23,3,9/1/23,,,
EBARA PUMPS IBERIA, S.A.,Mantenimiento,Susana,ISO'S,Aceptado,+ Autopresupuesto_no_otros_casos,BD prensa,,72990,2,2100076785,2/1/23,28,1,25,360,360,,50,,,4,4,4,6,mail susana,,2/1/23,6,2/1/23,,
ECITYCLIC SOLUTIONS, S.L.,Mantenimiento_anual,Marta,IT,Aceptado,+ Autopresupuesto_no_otros_casos,BD prensa,,73358,1,2100083373,14/2/23,192,1,148,3540,3540,,,,,4,80,1,7,,,15/2/23,6,14/2/23,,
ECOLOGIA Y DEPURACIÓN NATURAL SLU,9001_14001,Romina,ISO'S,Rechazado,+ Cercanía,Arsenio: cliente,,72508,1,2100083864,25/10/22,20,3,23,1100,1700,2450,0,,,24,3,4,4,,45,2/2/23,3,25/10/22,,,
EDHINOR SA,Huella_carbono,Laura Herreria,SOSTENIBILIDAD Y RESPONSABILIDAD SOCIAL CORPORATIVA,Aceptado,+ Autopresupuesto_no_otros_casos,BD prensa,,73187,5,2100041921,25/1/23,48,1,169,1400,1400,,,,73127,4,35,6,5,,,25/1/23,6,25/1/23,,,
EDL CREATIVE WATER,Huella_carbono,Rafi,ISO'S,Pendiente,+ Buena gestión comercial,BD prensa,,73194,1,2100084128,26/1/23,48,2,152,1100,1100,0,0,,,0,35,4,4,enmail,91,26/1/23,6,26/1/23,,,
EDUARDO NAVADIJOS ARCHITECTS,Calidad,Romina,ISO'S,Realizar nueva oferta,+ Equipo de trabajo,Arsenio: cliente,,71458,1,2100083444,10/6/22,6,6,23,1750,1750,1750,0,,,28,3,4,4,,45,25/1/23,3,4/7/22,,,
EKIN, S. COOP.,ISO 27001,Jose_Miguel,IT,Aceptado,+ Autopresupuesto_no_otros_casos,BD prensa,,72764,1,2100079136,23/11/22,26,1,125,4900,350,0,0,,,4,81,1,5,,46,11/1/23,6,23/11/22,,
ENDALIA S.L.,ISAE_3402,Marta,COMPLIANCE,Aceptado,+ Autopresupuesto_no_otros_casos,APPLUS proporciona contacto,,72553,1,2100077878,27/10/22,215,1,148,12000,12000,,,,,13,82,2,4,,,4/1/23,2,27/10/22,,,
EPTISA TECNOLOGIAS DE LA INFORMACION, SA,ISO 27001,ELENA,IT,Aceptado,+ Autopresupuesto_no_otros_casos,Cristina: conocidos,,73242,5,2100077862,1/2/23,26,1,137,2700,2700,,,,,4,19,1,6,,,9/2/23,12,1/2/23,,
EPTISA TECNOLOGIAS DE LA INFORMACION, SA,ENS,ELENA,IT,Aceptado,+ Autopresupuesto_no_otros_casos,Cristina: conocidos,,72174,5,2100077862,19/9/22,212,1,137,1800,1800,,,,,4,80,1,5,,,9/2/23,12,18/9/22,,
Equipo EDAU,Mantenimiento,Sara,ISO'S,Rechazado,+ Cercanía,AXESOR,,72090,1,2100083629,7/9/22,28,3,142,390,350,290,0,,,26,42,4,,9001,45,10/1/23,5,7/9/22,,,
ESPECIALISTAS EN TELECOMUNICACIONES, S.L.,Mantenimiento,Arsenio,ISO'S,Aceptado,+ Autopresupuesto_no_otros_casos,Cristina: conocidos,,73157,2,2047467994,23/1/23,28,1,56,450,450,,,,,5,3,4,6,Mail,,26/1/23,12,23/1/23,,
ESSENCE INTERACTIVE CENTER SL,ENS,Marta,IT,Aceptado,+ Autopresupuesto_no_otros_casos,APPLUS proporciona contacto,,71033,1,2100083191,8/4/22,212,1,148,5000,5000,0,0,,,2,80,1,4,Email marta,45,18/1/23,2,4/7/22,,,
ESTAMPACIONES CASADO, S.L.,Auditoria,Marta,ISO'S,Aceptado,+ Autopresupuesto_no_otros_casos,BD prensa,,73072,5,2047468133,16/1/23,54,1,148,215,215,,,,,4,3,4,6,,,17/1/23,6,15/1/23,,
Estructuras del Levante Almeriense S.L.,Ampliacion_Clasificacion,Romina,CLASIFICACION CONTRATISTAS,Rechazado,+ Cercanía,BD prensa,,73109,1,2100077680,18/1/23,171,3,23,700,600,0,0,,,26,1,8,5,,,19/1/23,6,18/1/23,,,
ESTRUCTURAS Y MONTAJES DEL SUR, S.L.,Auditoria,Marta,ISO'S,Aceptado,+ Autopresupuesto_no_otros_casos,BD prensa,,72406,1,2047467643,11/10/22,54,1,148,345,345,,,,,4,3,4,6,,,20/1/23,6,11/10/22,,
ETRALUX SA,Clasificacion_obras_servicios,Romina,CLASIFICACION CONTRATISTAS,Aceptado,+ Autopresupuesto_no_otros_casos,APPLUS proporciona contacto,,72830,5,2100035870,2/12/22,170,1,23,1350,1350,1350,,,,2,1,8,4,,,10/1/23,2,2/12/22,,,
EURICAR EUROPA, S.L.,Mantenimiento,Arsenio,ISO'S,Aceptado,+ Autopresupuesto_no_otros_casos,BD prensa,,72994,2,2100055721,3/1/23,28,1,56,410,410,,,,,5,3,4,6,Mail,,3/1/23,6,3/1/23,,
EUROPA INTERNATIONAL SCHOOL,PLAN DE IGUALDAD,Rafi,IGUALDAD,Rechazado,+ Cercanía,AXESOR,,70128,1,2100082544,16/12/21,38,3,152,3000,3000,,,,,23,13,3,4,email,,30/1/23,5,4/7/22,,,
EUROPEA DE MANUFACTURAS ECHARTE, S.L.,Calidad,Patricio,ISO'S,Aceptado,+ Autopresupuesto_no_otros_casos,BD prensa,,73136,3,2100031275,20/1/23,6,1,140,400,400,220,50,,,4,3,4,6,e.mail,,20/1/23,6,20/1/23,,
EUROPISTA EDUCACION VIAL S.L.,ISO 27001,Marta,IT,Aceptado,+ Autopresupuesto_no_otros_casos,Cliente: recomendación,,73273,1,2100084158,3/2/23,26,1,148,2700,2700,,,,,9,19,1,4,enmail,,7/2/23,9,3/2/23,,,
EVA MARIA PALOMO BALCHES,Mantenimiento,Jose_Miguel,,Rechazado,+ Cercanía,Cristina: conocidos,,72816,1,2100082002,30/11/22,28,3,125,450,450,0,0,,,24,3,,,,46,9/1/23,12,30/11/22,,,
EVENTOLOGIES S.L.,Calidad,Romina,ISO'S,Rechazado,+ Cercanía,APPLUS proporciona contacto,,70869,1,2100081820,17/3/22,6,3,23,6150,6150,6150,0,,,20,3,4,4,,45,20/1/23,2,4/7/22,,,
EVENTOLOGIES S.L.,Mantenimiento,Romina,IT,Aceptado,+ Autopresupuesto_no_otros_casos,Cristina: conocidos,,73175,1,2100081820,24/1/23,28,1,23,2520,2520,2520,,,,4,19,1,7,,,15/2/23,12,24/1/23,,,
EVERIS SPAIN, S.L.,ENS,Jose_Miguel,ADMINISTRACION GENERAL,Rechazado,+ Cercanía,APPLUS proporciona contacto,,69414,1,2100013331,27/8/21,212,3,125,2450,3200,4200,0,,,23,80,0,0,,45,25/1/23,2,4/7/22,,
EVERYDAY SOFTWARE, S.L.,Mantenimiento,Sara,IT,Aceptado,+ Autopresupuesto_no_otros_casos,BD prensa,,72260,1,2100079637,26/9/22,28,1,142,1800,1800,0,0,,,4,19,1,6,iso 27,66,19/1/23,6,26/9/22,,
EVERYDAY SOFTWARE, S.L.,varios,Sara,IT,Realizar nueva oferta,+ Equipo de trabajo,Cristina: conocidos,,73202,1,2100079637,26/1/23,43,6,142,550,550,0,0,,,28,19,1,5,TRADUCCIÓN AL INGLES ,66,1/2/23,12,26/1/23,,
EVOLUTIO CLOUD ENABLER, S.A.,varios,Romina,IT,Rechazado,+ Cercanía,APPLUS proporciona contacto,,72297,1,2100081495,30/9/22,43,3,23,4500,4500,0,0,,,24,54,1,4,,45,1/2/23,2,30/9/22,,
EVOLUTION TRAINING SL,Mantenimiento,Marta,ISO'S,Rechazado,+ Cercanía,BD prensa,,72848,1,2100082319,7/12/22,28,3,148,1320,1320,,,,,28,3,4,7,,,23/1/23,6,7/12/22,,,
EVOLUTION TRAINING SL,Mantenimiento,Marta,ISO'S,Aceptado,+ Autopresupuesto_no_otros_casos,BD prensa,,73147,1,2100082319,21/1/23,28,1,148,1044,1044,,,,73040,4,3,4,7,,,21/1/23,6,23/1/23,,,
EXCAVACIONES LEAL, S.L.,Mantenimiento,Marta,ISO'S,Aceptado,+ Autopresupuesto_no_otros_casos,BD prensa,,73039,5,2047468382,11/1/23,28,1,148,285,285,,,,,4,3,4,6,,,23/1/23,6,11/1/23,,
EXCEM GRUPO 1971,S.A.,PLAN DE IGUALDAD,Ana,IGUALDAD,Aceptado,+ Autopresupuesto_no_otros_casos,BD prensa,,73226,1,2047467930,30/1/23,38,1,145,60,60,,60,,73220,4,13,3,6,,,30/1/23,6,30/1/23,,
EXCEM GRUPO 1971,S.A.,PLAN DE IGUALDAD,Marta,IGUALDAD,Aceptado,+ Autopresupuesto_no_otros_casos,BD prensa,,73220,1,2047467930,30/1/23,38,1,148,0,0,,,,,4,13,3,5,,,30/1/23,6,30/1/23,,
FERROINSA FORTES, S.L.,Marcado CE,Marta,ISO'S,Aceptado,+ Autopresupuesto_no_otros_casos,BD prensa,,72982,5,2047467593,27/12/22,44,1,148,500,325,,,,,4,12,4,6,,,15/2/23,6,27/12/22,,
FINCA SERENA MALLORCA,Huella_carbono,Rafi,ISO'S,Pendiente,+ Buena gestión comercial,APPLUS proporciona contacto,,73338,11,2100084173,10/2/23,48,2,152,1700,1700,0,0,,,0,35,4,4,enmail,92,10/2/23,2,10/2/23,,,
FORMACION, INNOVACION Y EMPLEO SL,Mantenimiento,Marta,ISO'S,Aceptado,+ Autopresupuesto_no_otros_casos,BD prensa,,73146,2,2100076496,21/1/23,28,1,148,1044,1044,,,,73040,4,3,4,7,,,21/1/23,6,23/1/23,,
FulyCo,ISO 22301,Sara,,Rechazado,+ Cercanía,Arsenio: cliente,,68101,1,2100081243,16/3/21,195,3,142,1500,1500,0,0,,,26,43,,,,45,5/1/23,3,4/7/22,,,
FUNDACIÓN CENTRO TECNOLÓGICO DE ACUICULTURA DE ANDALUCÍA,PLAN DE IGUALDAD,Jose_Miguel,IGUALDAD,Rechazado,+ Cercanía,APPLUS proporciona contacto,,73149,1,2100084119,23/1/23,38,3,125,1800,1800,600,0,,,19,13,3,4,,45,7/2/23,2,23/1/23,,,
FUNDACION IBN BATTUTA,Mantenimiento,Marta,ISO'S,Aceptado,+ Autopresupuesto_no_otros_casos,BD prensa,,73319,1,2100078045,9/2/23,28,1,148,850,850,,,,,4,3,4,6,,,9/2/23,6,9/2/23,,,
FUNDACION VALENTIA HUESCA,Servicios_Clasificacion,Romina,CLASIFICACION CONTRATISTAS,Rechazado,+ Cercanía,APPLUS proporciona contacto,,73012,1,2100084062,9/1/23,169,3,23,400,750,950,0,,,23,1,8,4,,45,30/1/23,2,9/1/23,,,
GABINET BALEAR DINTEGRACIO LABORAL, S.L.,ENS,Sara,IT,Aceptado,+ Autopresupuesto_no_otros_casos,Cristina: conocidos,,73305,1,2100082685,8/2/23,212,1,142,600,600,,,,73279,1,5,80,1,5,,,8/2/23,12,8/2/23,
GARAJE MATERIAL DE TATUAJE,Proteccion_Datos,Sara,IT,Rechazado,+ Cercanía,Cristina: conocidos,,72919,1,2100084031,15/12/22,39,3,142,120,120,0,0,,,17,6,1,4,,48,9/2/23,12,15/12/22,,,
GESTINET INTERNET INFORMATICA SL,Mantenimiento,Jose_Miguel,ISO'S,Aceptado,+ Autopresupuesto_no_otros_casos,Cristina: conocidos,,72546,1,2100077579,26/10/22,28,1,125,650,650,0,0,,,4,3,4,6,,64,20/1/23,12,26/10/22,,,
GESTION INTELIGENTE DE CARGAS, S.L.,Clasificacion_obras_servicios,Romina,CLASIFICACION CONTRATISTAS,Aceptado,+ Autopresupuesto_no_otros_casos,APPLUS proporciona contacto,,72908,1,2100084027,15/12/22,170,1,23,1200,1200,1200,0,,,2,1,8,4,,45,10/1/23,2,15/12/22,,
GLOBAL TECNOLOGY 4 ELITE, S.L,Auditoria,Marta,IT,Aceptado,+ Autopresupuesto_no_otros_casos,BD prensa,,72936,1,2100062030,19/12/22,54,1,148,1450,1450,,,,,4,19,1,6,OPN,,12/1/23,6,19/12/22,,
GODUR ANDALUCIA, S.L.,Auditoria,Rafael,ISO'S,Aceptado,+ Autopresupuesto_no_otros_casos,Cristina: conocidos,,73085,1,2047467931,16/1/23,54,1,1,235,235,0,0,,,4,3,4,6,mail,50,16/1/23,12,16/1/23,,
GOLD BOX, SL,ENS,Sara,IT,Rechazado,+ Cercanía,APPLUS proporciona contacto,,71030,1,2100083189,8/4/22,212,3,142,3900,5100,0,0,,,24,80,1,,,45,12/1/23,2,4/7/22,,
GPS Open Source,ENS,Jose_Miguel,IT,Rechazado,+ Cercanía,APPLUS proporciona contacto,,73271,1,2100075274,3/2/23,212,3,125,3800,3800,3800,0,,,24,80,1,4,,45,13/2/23,2,3/2/23,,,
GREEN TAL SA,ENS,Sara,IT,Rechazado,+ Cercanía,APPLUS proporciona contacto,,69923,1,2100082330,16/11/21,212,3,142,5200,4150,0,0,,3900,24,80,1,,rev2,45,10/1/23,2,4/7/22,,,
GRESALBA S.A.,Mantenimiento,Marta,IT,Aceptado,+ Autopresupuesto_no_otros_casos,BD prensa,,73044,1,2100081949,12/1/23,28,1,148,1050,1050,,,,70093_1,4,19,1,6,,,12/1/23,6,12/1/23,,,
GROPSAN TECHNOLOGY,ISO 27001,Jose_Miguel,IT,Rechazado,+ Cercanía,APPLUS proporciona contacto,,72921,1,2100084034,15/12/22,26,3,125,2800,2800,2800,0,,,24,19,1,4,,45,31/1/23,2,15/12/22,,,
GRUP CONGRES SL,9001_14001,Sara,ISO'S,Rechazado,+ Cercanía,APPLUS proporciona contacto,,71535,1,2100083484,22/6/22,20,3,142,1500,1500,1800,3500,,,26,3,4,4,20121,45,2/2/23,2,4/7/22,,,
Grupo Cr Tecno Sl,9001_14001,Sara,ISO'S,Rechazado,+ Cercanía,AXESOR,,68837,1,2100081681,2/6/21,20,3,142,2300,2300,0,0,,,28,80,4,4,,69,1/2/23,5,4/7/22,,,
HADOQ IT, S.L.,ENS,Jose_Miguel,IT,Aceptado,+ Autopresupuesto_no_otros_casos,APPLUS proporciona contacto,,72616,1,2100083904,4/11/22,212,1,125,5800,4000,4000,0,,,13,80,1,4,,45,18/1/23,2,4/11/22,,
HEALTH TRANSPORTATION GROUP,ENS,Ana,IT,Aceptado,+ Autopresupuesto_no_otros_casos,BD prensa,,73245,1,2100078305,1/2/23,212,1,145,380,490,380,,,72560,4,80,1,6,,,1/2/23,6,1/2/23,,,
HERGA ENERGY SENAL, SL,Mantenimiento,Jose_Miguel,ISO'S,Aceptado,+ Autopresupuesto_no_otros_casos,Cristina: conocidos,,71068,1,2100076279,19/4/22,28,1,125,2880,2880,0,0,,,4,3,4,7,,64,16/1/23,12,4/7/22,,
HEXOD SECURITY, SL,ISAE_3402,Marta,COMPLIANCE,Aceptado,+ Autopresupuesto_no_otros_casos,Cliente: recomendación,,71781,1,2100083544,11/7/22,215,1,148,7200,7200,0,0,,,4,82,2,4,Email Marta,46,18/1/23,9,11/7/22,,
HIDRALAB SL,ENS,Sara,,Rechazado,+ Cercanía,APPLUS proporciona contacto,,71968,1,2100083623,16/8/22,212,3,142,3400,3400,0,0,,,23,19,,,,45,5/1/23,2,16/8/22,,,
HOTEL MIRADOR RIA DE AROSA,,Rafi,IGUALDAD,Pendiente,+ Buena gestión comercial,Asesorias,,73196,1,2100084133,26/1/23,0,2,152,1100,1100,0,0,,,0,13,3,4,enmail,91,26/1/23,4,26/1/23,,,
HOTEL VILLA FLAMENCA,Calidad,Rafi,ISO'S,Rechazado,+ Cercanía,APPLUS proporciona contacto,,71463,1,2100083461,13/6/22,6,3,152,2500,2500,0,0,,,24,3,4,,email,0,11/1/23,2,4/7/22,,,
HOTEL Y CONFERENCE CENTRE SITGES, S.L.,PLAN DE IGUALDAD,Romina,IGUALDAD,Aceptado,+ Autopresupuesto_no_otros_casos,Cristina: conocidos,,73200,1,2100078560,26/1/23,38,1,23,2000,2000,2000,0,,,2,13,3,5,,,13/2/23,12,26/1/23,,
IAAS365, S. L.,Auditoria,Marta,IT,Aceptado,+ Autopresupuesto_no_otros_casos,BD prensa,,73252,1,2100075871,1/2/23,54,1,148,480,480,,,,,4,19,1,6,,,2/2/23,6,1/2/23,,
IBERICA GRAFICA, S.A.,Mantenimiento,Marta,ISO'S,Aceptado,+ Autopresupuesto_no_otros_casos,BD prensa,,73163,1,2100080807,24/1/23,28,1,148,480,480,,,,,4,21,4,6,...,,24/1/23,6,24/1/23,,
IFAP MADRID S.L.,Mantenimiento,Marta,ISO'S,Aceptado,+ Autopresupuesto_no_otros_casos,BD prensa,,73145,1,2047499190,21/1/23,28,1,148,1044,1044,,,,73040,4,3,4,7,,,21/1/23,6,23/1/23,,,
IGNOS ESTUDIOS DE INGENIERIA SL,ENS,Sara,IT,Aceptado,+ Autopresupuesto_no_otros_casos,BD prensa,,73053,1,2100081086,12/1/23,212,1,142,3400,3400,0,0,,,5,54,1,5,,66,30/1/23,6,12/1/23,,,
IGNOS ESTUDIOS DE INGENIERIA SL,ISO 27001,Sara,IT,Aceptado,+ Autopresupuesto_no_otros_casos,BD prensa,,73054,1,2100081086,12/1/23,26,1,142,1800,1800,0,0,,,5,54,1,5,,66,30/1/23,6,12/1/23,,,
Imantia Desarrollo Directivo S.L.,Calidad,ELENA,ISO'S,Aceptado,+ Autopresupuesto_no_otros_casos,Cristina: conocidos,,73215,5,2100073066,30/1/23,6,1,137,1200,1200,,,,,4,3,4,6,,,1/2/23,12,30/1/23,,,
INCORPORA 2 SL,ENS,Sara,IT,Aceptado,+ Autopresupuesto_no_otros_casos,Cristina: conocidos,,73306,1,2100082686,8/2/23,212,1,142,200,200,,,,73279,1,5,80,1,5,,,8/2/23,12,8/2/23,,
INERTIM RESEARCH S.L.,Mantenimiento,Marta,IT,Aceptado,+ Autopresupuesto_no_otros_casos,Cristina: conocidos,,73280,1,2100080388,6/2/23,28,1,148,890,890,,,,,4,54,1,6,,,6/2/23,12,6/2/23,,,
INFISA CONSULTORIA Y APLICACIONES, S.A.,ENS,Jose_Miguel,IT,Aceptado,+ Autopresupuesto_no_otros_casos,BD prensa,,71333,1,2100081253,26/5/22,212,1,125,3600,3600,3600,,,,4,80,1,5,,,10/2/23,6,4/7/22,,
INFISA CONSULTORIA Y APLICACIONES, S.A.,Mantenimiento,Jose_Miguel,IT,Aceptado,+ Autopresupuesto_no_otros_casos,Cristina: conocidos,,73223,1,2100081253,30/1/23,28,1,125,1420,1420,,,,,4,3,1,6,,,31/1/23,12,30/1/23,,
INFORMATICA MEGASUR SL,Huella_carbono,Sara,SOSTENIBILIDAD Y RESPONSABILIDAD SOCIAL CORPORATIVA,Rechazado,+ Cercanía,APPLUS proporciona contacto,,72817,1,2100018274,30/11/22,48,3,142,3400,320,0,0,,,17,35,6,4,iso 14067,45,24/1/23,2,30/11/22,,,
INFOSELF SISTEMES SL,ISO 27001,Sara,IT,Rechazado,+ Cercanía,APPLUS proporciona contacto,,69957,1,2100074026,19/11/21,26,3,142,4800,4800,0,0,,,26,19,1,4,,45,30/1/23,2,4/7/22,,,
INGENIELEC, S.L.U.,Renovacion_Clasificacion,Romina,CLASIFICACION CONTRATISTAS,Aceptado,+ Autopresupuesto_no_otros_casos,Cristina: conocidos,,73033,1,2047468220,11/1/23,172,1,23,450,450,450,0,,,4,1,8,6,,65,1/2/23,12,11/1/23,,
INGENIERIA Y CONTROL FERROVIARIO, S.A.,Mantenimiento,Romina,ISO'S,Aceptado,+ Autopresupuesto_no_otros_casos,Cristina: conocidos,,72276,1,2100078398,28/9/22,28,1,23,250,890,390,52,,,4,5,4,6,,0,11/1/23,12,28/9/22,,
INGRUACOR SL (TECNIEXTINTOR),Auditoria,Sara,ISO'S,Aceptado,+ Autopresupuesto_no_otros_casos,Cristina: conocidos,,73096,1,2100075587,17/1/23,54,1,142,250,250,0,0,,,4,3,4,6,,66,14/2/23,12,17/1/23,,,
INSTITUTO DENTAL ORIS, S.L.,Mantenimiento,Rafael,ISO'S,Aceptado,+ Autopresupuesto_no_otros_casos,Cristina: conocidos,,73035,1,2100055910,11/1/23,28,1,1,300,300,0,0,,,4,3,4,6,mail,50,12/1/23,12,11/1/23,,
INSTTANTT TECNOLOGY SL,Integrado_VARIOS,Sara,,Rechazado,+ Cercanía,APPLUS proporciona contacto,,72860,1,2100084013,9/12/22,176,3,142,4700,3500,1200,0,,,26,19,,,27+14,45,4/1/23,2,9/12/22,,,
IPRONET SISTEMAS SL,ISO 27001,Sara,IT,Aceptado,+ Autopresupuesto_no_otros_casos,APPLUS proporciona contacto,,73269,1,2100080408,3/2/23,26,1,142,3600,3600,0,0,,,2,19,1,4,,45,7/2/23,2,3/2/23,,,
ISOTROL, S.A,Mantenimiento,Jose_Miguel,IT,Aceptado,+ Autopresupuesto_no_otros_casos,Cristina: conocidos,,72846,1,2100062053,5/12/22,28,1,125,1350,1350,1350,0,,,4,19,1,6,,64,10/1/23,12,5/12/22,,
ITACA TECHNOLOGIES IBERIA, S.L.,varios,Jose_Miguel,IT,Rechazado,+ Cercanía,APPLUS proporciona contacto,,72733,1,2100083957,21/11/22,43,3,125,4700,3500,3200,0,,,24,19,1,,,45,11/1/23,2,21/11/22,,
ITBID TECHNOLOGIES 2002 SL,Auditoria,Sara,IT,Aceptado,+ Autopresupuesto_no_otros_casos,Cristina: conocidos,,73005,1,2100075143,4/1/23,54,1,142,750,750,0,0,,,4,19,1,6,,66,20/1/23,12,4/1/23,,,
JAKINCODE, S.L.,20000,Jose_Miguel,IT,Aceptado,+ Autopresupuesto_no_otros_casos,Cliente: recomendación,,72784,1,2100083963,25/11/22,196,1,125,4500,4500,4500,0,,,13,44,1,4,,46,13/1/23,9,25/11/22,,
JALVIU, S.L.,Auditoria,Sara,ISO'S,Aceptado,+ Autopresupuesto_no_otros_casos,Cristina: conocidos,,73006,1,2100075712,4/1/23,54,1,142,250,250,0,0,,,4,3,4,6,,66,15/2/23,12,4/1/23,,
Karoni LLC,Cosmetivos_BPF,Romina,SOSTENIBILIDAD Y RESPONSABILIDAD SOCIAL CORPORATIVA,Rechazado,+ Cercanía,Arsenio: cliente,,72314,1,2100083756,3/10/22,51,3,23,1200,1200,1200,0,,,26,43,6,4,,45,7/2/23,3,3/10/22,,,
KONECTIA SERVICIOS INTEGRALES S.L.,Mantenimiento,Marta,IT,Aceptado,+ Autopresupuesto_no_otros_casos,BD prensa,,72903,1,2100082836,14/12/22,28,1,148,1900,1900,,,,,4,19,1,6,,,10/1/23,6,14/12/22,,,
LABORATORIO Y CONSULTORIA CARRING,S.L.,Mantenimiento,Marta,ISO'S,Aceptado,+ Autopresupuesto_no_otros_casos,BD prensa,,73152,1,2047468327,23/1/23,28,1,148,420,420,,,,,4,3,4,6,,,23/1/23,6,23/1/23,,
LAIETANA DE LLIBRETERIA, S.L.,PLAN DE IGUALDAD,Sara,IGUALDAD,Rechazado,+ Cercanía,APPLUS proporciona contacto,,72977,1,2100084025,26/12/22,38,3,142,2900,2900,0,0,,,17,13,3,,,0,9/1/23,2,26/12/22,,
LGAI TECHNOLOGICAL CENTER, S.A.,ENI,Ana,IT,Aceptado,+ Autopresupuesto_no_otros_casos,Conocidos en empresas,,73066,9,2047468267,13/1/23,219,1,145,980,980,,,,72093,29,90,1,8,EMAIL,,13/1/23,11,13/1/23,,
LIMIT TECNOLOGIES SL,ENS,Sara,IT,Aceptado,+ Autopresupuesto_no_otros_casos,Cristina: conocidos,,73224,1,2100080928,30/1/23,212,1,142,1500,1500,,,,,5,80,1,5,,,8/2/23,12,30/1/23,,,
LINEAPAPEL S.L,Calidad,Rafi,ISO'S,Rechazado,+ Cercanía,Cristina: conocidos,,72893,1,2100083604,14/12/22,6,3,152,900,900,,,,,19,3,4,,enmail,,5/1/23,12,14/12/22,,,
LINGOTES ESPECIALES, S.A.,Tisax,Jose_Miguel,IT,Aceptado,+ Autopresupuesto_no_otros_casos,AXESOR,,73106,1,2100034483,17/1/23,213,1,125,4900,4900,700,0,,,13,81,1,4,,81,18/1/23,5,17/1/23,,
LUIS MARIA ALONSO SL,9001_14001,Patricio,ISO'S,Aceptado,+ Autopresupuesto_no_otros_casos,BD prensa,,73281,3,2100011845,6/2/23,20,1,140,380,380,220,50,,,4,3,4,6,e.mail,,7/2/23,6,6/2/23,,,
MACRINUS LAVORO 2010 SL,Calidad,Sara,ISO'S,Aceptado,+ Autopresupuesto_no_otros_casos,Arsenio: cliente,,72810,1,2100083991,29/11/22,6,1,142,1100,1100,0,0,,,2,3,4,4,,45,13/1/23,3,29/11/22,,,
MAHECO SA,PLAN DE IGUALDAD,Sara,IGUALDAD,Rechazado,+ Cercanía,APPLUS proporciona contacto,,73003,1,2100084059,4/1/23,38,3,142,2600,850,0,0,,,16,13,3,4,,45,24/1/23,2,4/1/23,,,
MALLA 3 ESTRUCTURAS Y ENVOLVENTES METALICAS S.A.,Mantenimiento_anual,Jose_Miguel,ISO'S,Aceptado,+ Autopresupuesto_no_otros_casos,Cristina: conocidos,,73107,1,2100075854,17/1/23,192,1,125,960,960,960,,,73055,,3,4,7,,,17/1/23,12,17/1/23,,,
MANUFACTURAS METALICAS LUISIANERAS, S.L.,Auditoria,Rafael,ISO'S,Aceptado,+ Autopresupuesto_no_otros_casos,BD prensa,,72998,1,2047468451,3/1/23,54,1,1,285,285,0,0,,,4,3,4,6,mail,50,5/1/23,6,3/1/23,,
MARGO MANIPULADOS, SL,Mantenimiento,Jose_Miguel,ISO'S,Aceptado,+ Autopresupuesto_no_otros_casos,BD prensa,,73270,1,2100080914,3/2/23,28,1,125,400,400,0,0,,,4,3,4,6,,64,14/2/23,6,3/2/23,,
MARKETING AND BASES DE DATOS CONSULTORES, S.L.,ISO 27001,Jose_Miguel,IT,Aceptado,+ Autopresupuesto_no_otros_casos,APPLUS proporciona contacto,,73176,1,2100083774,24/1/23,26,1,125,3600,3600,3600,,,72236_2,13,19,1,4,,,24/1/23,2,24/1/23,,
MASTER ESTETIC, SLU,,Sara,ISO'S,Realizar nueva oferta,+ Equipo de trabajo,Cristina: conocidos,,73295,1,2100075505,7/2/23,0,6,142,360,360,0,0,,,30,3,4,6,,66,7/2/23,12,7/2/23,,
MAXIMA FORMACION, S.L.,ISO 27001,Jose_Miguel,IT,Aceptado,+ Autopresupuesto_no_otros_casos,BD prensa,,73313,1,2100056281,8/2/23,26,1,125,2800,2800,,,,,4,19,1,5,,,10/2/23,6,8/2/23,,
MAXIMA FORMACION, S.L.,PLAN DE IGUALDAD,Jose_Miguel,IGUALDAD,Aceptado,+ Autopresupuesto_no_otros_casos,BD prensa,,73312,1,2100056281,8/2/23,38,1,125,350,350,150,,,,4,13,3,4,,,10/2/23,6,8/2/23,,
MAXIMA FORMACION, S.L.,PLAN DE IGUALDAD,Jose_Miguel,IGUALDAD,Aceptado,+ Autopresupuesto_no_otros_casos,BD prensa,,73131,1,2100056281,19/1/23,38,1,125,500,500,,,,,4,13,3,5,,,20/1/23,6,19/1/23,,
MAXINFRAESCTRUCTURAS, S.A.,Marcado CE,Marta,ISO'S,Aceptado,+ Autopresupuesto_no_otros_casos,BD prensa,,73060,5,2100031416,13/1/23,44,1,148,500,500,,,,,4,12,4,6,,,13/1/23,6,13/1/23,,
MAXINFRAESCTRUCTURAS, S.A.,Marcado CE ARIDOS,Administrador General,ISO'S,Aceptado,+ Autopresupuesto_no_otros_casos,BD prensa,,72675,5,2100031416,12/11/22,29,1,70,900,900,900,,,,4,3,4,6,@nestor,,13/1/23,6,12/11/22,,
MEDIACIÓN CIENTÍFICA, S.L.,Mantenimiento,Pilar Caro,IGUALDAD,Aceptado,+ Autopresupuesto_no_otros_casos,Cristina: conocidos,,72458,16,2100073100,18/10/22,28,1,168,900,900,0,0,,,4,13,3,7,email,83,10/1/23,12,18/10/22,,
MEDINA TRAVEL BUS, S.L.,Mantenimiento,Sara,ISO'S,Aceptado,+ Autopresupuesto_no_otros_casos,BD prensa,,73063,1,2100052646,13/1/23,28,1,142,260,260,,,,,4,3,4,6,,,13/1/23,6,13/1/23,,
MEDIP HEALTH SL,9001_27001,Sara,ISO'S,Rechazado,+ Cercanía,Arsenio: cliente,,72113,1,2100083720,9/9/22,206,3,142,3900,2100,4800,0,,,17,19,4,4,27+45,45,31/1/23,3,9/9/22,,,
MEIGO INNOVACIÓN,ENS,Jose_Miguel,IT,Rechazado,+ Cercanía,APPLUS proporciona contacto,,73186,1,2100084130,25/1/23,212,3,125,4000,4000,0,0,,,24,80,1,4,,45,6/2/23,2,25/1/23,,,
METIS SOLUTIONS S.L.,ISO 27001,Marta,IT,Aceptado,+ Autopresupuesto_no_otros_casos,BD prensa,,72958,1,2100083917,21/12/22,26,1,148,75,75,,75,,,4,19,1,5,,,10/1/23,6,21/12/22,,,
MÉTRICA CONSULTING S.L.,LOPD_A_y_M,ELENA,COMPLIANCE,Aceptado,+ Autopresupuesto_no_otros_casos,Cristina: conocidos,,73308,16,2100073370,8/2/23,186,1,137,495,495,,,,,4,6,2,6,,,13/2/23,12,8/2/23,,,
MÉTRICA CONSULTING S.L.,Mantenimiento,ELENA,IT,Aceptado,+ Autopresupuesto_no_otros_casos,Cristina: conocidos,,73307,16,2100073370,8/2/23,28,1,137,395,395,,,,,4,19,1,6,,,13/2/23,12,8/2/23,,,
MICRO ALGAE SOLUTIONS S.L,Integrado_VARIOS,Sara,ISO'S,Aceptado,+ Autopresupuesto_no_otros_casos,Arsenio: cliente,,72456,1,2100083846,18/10/22,176,1,142,2400,2400,0,0,,,5,3,4,4,9+22716rev1,45,6/2/23,3,18/10/22,,,
MIGRALINGUA VOZE SERVICIOS LINGUISTICOS, S.L.,Mantenimiento,Susana,ISO'S,Aceptado,+ Autopresupuesto_no_otros_casos,Cristina: conocidos,,72778,2,2100079396,24/11/22,28,1,25,410,410,,55,,,4,3,4,6,mail susana,,14/2/23,12,24/11/22,,
MODATELIA INTERNATIONAL, S.L.,PLAN DE IGUALDAD,Sara,IGUALDAD,Aceptado,+ Autopresupuesto_no_otros_casos,APPLUS proporciona contacto,,72839,1,2100084002,2/12/22,38,1,142,2600,2600,0,0,,,2,13,3,4,,45,20/1/23,2,2/12/22,,
MON JOVE ASOCIACION PARA LA SOLIDARIDAD Y LA COOPERACIÓN,ISO 27001,Sara,IT,Rechazado,+ Cercanía,APPLUS proporciona contacto,,71092,1,2100080978,20/4/22,26,3,142,1900,1900,0,0,,,23,3,1,4,,45,24/1/23,2,4/7/22,,,
MOTIOM GLOBAL LOGISTIC S.L,9001_14001,Marta,ISO'S,Aceptado,+ Autopresupuesto_no_otros_casos,Cliente: recomendación,,72657,1,2100083921,10/11/22,20,1,148,2550,2550,,,,,7,3,4,4,enmail,,26/1/23,9,10/11/22,,,
MOVIMIENTOS DE TIERRA EL PRADILLO, S.L.,Auditoria,Romina,ISO'S,Aceptado,+ Autopresupuesto_no_otros_casos,BD prensa,,73257,1,2047468421,2/2/23,54,1,23,360,360,360,,,,4,3,4,6,,,8/2/23,6,2/2/23,,
Nartex Software, S.L.,Mantenimiento,Marta,IT,Aceptado,+ Autopresupuesto_no_otros_casos,BVQi proporciona contacto,,73140,1,2100065452,22/1/23,28,1,148,1029,6,1029,6,,,,70687_1,4,80,1,7,,,20/1/23,7,22/1/23
NEREALOR SL,PLAN DE IGUALDAD,Jose_Miguel,IGUALDAD,Rechazado,+ Cercanía,APPLUS proporciona contacto,,70787,1,2100076372,9/3/22,38,3,125,1800,1800,1800,0,,,23,13,3,4,,45,17/1/23,2,4/7/22,,,
NEWVAL CORPORATION SL,Calidad,Sara,ISO'S,Rechazado,+ Cercanía,APPLUS proporciona contacto,,68110,1,2100081248,16/3/21,6,3,142,1800,1800,0,0,,,26,3,4,4,,45,8/2/23,2,4/7/22,,,
NOUS BALEARES,Huella_carbono,Rafi,ISO'S,Pendiente,+ Buena gestión comercial,AXESOR,,73378,1,2100084191,15/2/23,48,2,152,1900,1900,0,0,,,0,35,4,4,enmail,92,15/2/23,5,15/2/23,,,
NUEVA NEPTISA, S.L.,14001_EMAS,Marta,ISO'S,Aceptado,+ Autopresupuesto_no_otros_casos,Camara Comercio proporciona contacto,,72942,1,2100084040,20/12/22,45,1,148,1800,1800,0,0,,,11,4,4,4,Email Marta,46,5/1/23,8,20/12/22,,
OBRAS Y PAVIMENTACIONES MAN, S.A.U.,Huella_carbono,Romina,SOSTENIBILIDAD Y RESPONSABILIDAD SOCIAL CORPORATIVA,Rechazado,+ Cercanía,BD prensa,,72892,1,2100083826,14/12/22,48,3,23,950,950,950,,,,,35,6,5,,,26/1/23,6,14/12/22,,
OCADO SPAIN SL,PLAN DE IGUALDAD,Sara,IGUALDAD,Rechazado,+ Cercanía,APPLUS proporciona contacto,,72997,1,2100084057,3/1/23,38,3,142,3200,1050,0,0,,2900,17,13,3,4,,45,10/2/23,2,3/1/23,,,
OMNIA INFOSYS, S.L.U.,ENS,Marta,IT,Aceptado,+ Autopresupuesto_no_otros_casos,BD prensa,,72403,1,2100077206,11/10/22,212,1,148,1400,1400,,,,,4,80,1,5,,,9/1/23,6,11/10/22,,
OMNIA INFOSYS, S.L.U.,Mantenimiento,Marta,IT,Aceptado,+ Autopresupuesto_no_otros_casos,BD prensa,,73142,1,2100077206,20/1/23,28,1,148,2995,2,2995,2,,,,70687_1,4,80,1,7,,,20/1/23,6,22/1/23
OPENNATUR SL,Medio_ambiente,Sara,ISO'S,Rechazado,+ Cercanía,Arsenio: cliente,,70874,1,2100083103,17/3/22,35,3,142,2800,2800,0,0,,,17,4,4,4,,45,9/2/23,3,4/7/22,,,
PANTALEÓN GONZÁLEZ CARRIÓN, S.L.,Auditoria,Sara,ISO'S,Aceptado,+ Autopresupuesto_no_otros_casos,BD prensa,,73360,1,2047468209,14/2/23,54,1,142,350,350,,,,,4,3,4,6,,,14/2/23,6,14/2/23,,
PAVIMENTOS ASFÁLTICOS MÁLAGA, S.A.,OHSAS,Rafael,ISO'S,Aceptado,+ Autopresupuesto_no_otros_casos,BD prensa,,73134,1,2047467687,20/1/23,36,1,1,1200,1200,0,0,,,4,3,4,5,mail,50,20/1/23,6,20/1/23,,
Petrolam Infraestructuras S.L.,ENS,Marta,IT,Aceptado,+ Autopresupuesto_no_otros_casos,BD prensa,,71863,1,2100072859,22/7/22,212,1,148,3500,3500,,,,,4,80,1,5,,,17/1/23,6,22/7/22,,,
Petrolam Infraestructuras S.L.,Huella_carbono,Marta,SOSTENIBILIDAD Y RESPONSABILIDAD SOCIAL CORPORATIVA,Aceptado,+ Autopresupuesto_no_otros_casos,BD prensa,,73091,1,2100072859,17/1/23,48,1,148,900,900,,,,,4,35,6,5,,,17/1/23,6,17/1/23,,,
Petrolam Infraestructuras S.L.,Mantenimiento,Marta,ISO'S,Aceptado,+ Autopresupuesto_no_otros_casos,BD prensa,,73075,1,2100072859,16/1/23,28,1,148,900,900,,,,,4,3,4,6,,,16/1/23,6,16/1/23,,,
Policres Esgon, S.A.,Calidad,Rafi,ISO'S,Pendiente,+ Buena gestión comercial,Asesorias,,73097,1,2100049503,17/1/23,6,2,152,1100,1100,0,0,,,0,4,4,4,enmail,45,17/1/23,4,17/1/23,,
Projectel Transfers S.L.,Auditoria,Sara,ISO'S,Aceptado,+ Autopresupuesto_no_otros_casos,Cristina: conocidos,,72992,1,2100074653,3/1/23,54,1,142,430,430,0,0,,,4,3,4,6,,66,3/1/23,12,3/1/23,,,
PROYECTOS Y MONTAJES ELECTRICOS RIOJANOS, S.L.,Renovacion_Clasificacion,Romina,CLASIFICACION CONTRATISTAS,Rechazado,+ Cercanía,Cristina: conocidos,,73051,1,2100054366,12/1/23,172,3,23,490,490,490,0,,,25,1,8,6,,65,6/2/23,12,12/1/23,,
PW ADVISORY AND CAPITAL SERVICES, S.L.,Mantenimiento,Jose_Miguel,IT,Aceptado,+ Autopresupuesto_no_otros_casos,Cristina: conocidos,,72961,1,2100081151,22/12/22,28,1,125,2100,2100,0,0,,,4,80,1,6,,45,26/1/23,12,22/12/22,,
QuEST Global,Tisax,Marta,IT,Rechazado,+ Cercanía,APPLUS proporciona contacto,,70400,1,2100082752,1/2/22,213,3,148,5600,5600,,,,,25,81,1,4,,,18/1/23,2,4/7/22,,,
RAMON Y CAJAL ABOGADOS S.L.P.,Mantenimiento,Marta,IT,Aceptado,+ Autopresupuesto_no_otros_casos,BD prensa,,73209,1,2100081013,27/1/23,28,1,148,950,950,,,,,4,19,1,6,BH27,,13/2/23,6,27/1/23,,,
RAONA ENGINYERS, SL,PLAN DE IGUALDAD,Clara,IGUALDAD,Aceptado,+ Autopresupuesto_no_otros_casos,Cristina: conocidos,,72900,2,2100064706,14/12/22,38,1,143,1200,1200,0,0,,,4,13,3,7,email,,18/1/23,12,14/12/22,,
REMACHES TUDELA, SL,Calidad,Patricio,ISO'S,Aceptado,+ Autopresupuesto_no_otros_casos,BD prensa,,73001,3,2100054767,4/1/23,6,1,140,420,420,240,50,,,4,3,4,6,e.mail,,4/1/23,6,4/1/23,,
RESYC GLOBAL, S.L.,Tisax,Marta,IT,Aceptado,+ Autopresupuesto_no_otros_casos,BD prensa,,73298,1,2100083960,7/2/23,213,1,148,1000,1000,,,,73254,4,3,1,6,,,7/2/23,6,7/2/23,,
RETICULAE, S.L.,varios,Jose_Miguel,IT,Rechazado,+ Cercanía,APPLUS proporciona contacto,,71004,1,2100078294,6/4/22,43,3,125,5200,5200,5200,0,,,24,19,1,4,,45,2/2/23,2,4/7/22,,
REVESTIMIENTOS TECNICOS NAVARRO, S.L.,ROLECE,Romina,CLASIFICACION CONTRATISTAS,Aceptado,+ Autopresupuesto_no_otros_casos,BVQi proporciona contacto,,73022,1,2100084071,10/1/23,210,1,23,300,300,300,0,,,10,70,8,4,,46,13/1/23,7,10/1/23,,
ROCHE DIABETES CARE SPAIN S.L.U.,ENS,Marta,IT,Aceptado,+ Autopresupuesto_no_otros_casos,Camara Comercio proporciona contacto,,72749,1,2100083965,22/11/22,212,1,148,3900,3900,0,0,,,,80,1,4,tristan,46,11/2/23,8,22/11/22,,,
ROSA DEL MAR MARMOLES SL,Huella_carbono,Sara,SOSTENIBILIDAD Y RESPONSABILIDAD SOCIAL CORPORATIVA,Rechazado,+ Cercanía,APPLUS proporciona contacto,,72624,1,2100083906,7/11/22,48,3,142,650,650,0,0,,,26,35,6,4,,45,14/2/23,2,7/11/22,,,
S.A.T. FRANCISCANOS,Mantenimiento,Rafael,ISO'S,Aceptado,+ Autopresupuesto_no_otros_casos,Cristina: conocidos,,72974,1,2100076288,23/12/22,28,1,1,295,295,0,0,,,4,10,4,7,mail,50,14/2/23,12,23/12/22,,,
SAIMA SEGURIDAD, SA,ENS,Marta,IT,Aceptado,+ Autopresupuesto_no_otros_casos,BD prensa,,72369,1,2100031383,6/10/22,212,1,148,4350,4350,0,0,,,4,80,1,5,,46,3/1/23,6,6/10/22,,
SCALIAN ESPAÑA,Tisax,Jose_Miguel,IT,Rechazado,+ Cercanía,APPLUS proporciona contacto,,73161,1,2100084123,23/1/23,213,3,125,12500,9500,0,0,,,24,81,1,4,,45,10/2/23,2,23/1/23,,,
SCP DE EXTINTORES SCP,Auditoria,Sara,ISO'S,Aceptado,+ Autopresupuesto_no_otros_casos,Cristina: conocidos,,73007,1,2100074914,4/1/23,54,1,142,320,320,0,0,,,5,3,4,6,,66,6/2/23,12,4/1/23,,,
SEA MARCONI ENERGÍA Y MEDIOAMBIENTE, S.L.U.,9001_14001,Patricio,ISO'S,Aceptado,+ Autopresupuesto_no_otros_casos,BD prensa,,73268,3,2100076337,3/2/23,20,1,140,200,200,150,50,,,4,4,4,7,e.mail,,3/2/23,6,3/2/23,,
SEIFTI SOFTWARE,ISO 27001,Jose_Miguel,IT,Rechazado,+ Cercanía,Arsenio: cliente,,71338,1,2100083402,26/5/22,26,3,125,2200,2200,0,0,,,24,19,1,4,,45,25/1/23,3,4/7/22,,,
SEIS SOLAR FOTOVOLTAICA RENOVABLES, S.L,9001_14001,Romina,ISO'S,Rechazado,+ Cercanía,Cliente: recomendación,,73065,1,2100084087,13/1/23,20,3,23,3000,3300,350,0,,,19,3,4,4,,46,15/2/23,9,13/1/23,,
SEMPSA JOYERÍA PLATERÍA, S.A.,Auditoria,Jose_Miguel,ISO'S,Rechazado,+ Cercanía,Camara Comercio proporciona contacto,,72589,1,2100043585,31/10/22,54,3,125,950,950,0,0,,,23,22,4,6,,46,14/2/23,8,31/10/22,,
SERINGLOBAL INTEGRACION, S.L.,PLAN DE IGUALDAD,JESSICA,IGUALDAD,Aceptado,+ Autopresupuesto_no_otros_casos,Cristina: conocidos,,72959,5,2100084045,21/12/22,38,1,160,2300,2300,,,,,5,13,3,4,Email,,25/1/23,12,21/12/22,,
SERVICIO DE MONITORES INTEGRALES, SL,PLAN DE IGUALDAD,JESSICA,IGUALDAD,Aceptado,+ Autopresupuesto_no_otros_casos,BD prensa,,73048,5,2100084082,12/1/23,38,1,160,2600,2600,,,,,6,13,3,4,Email,,18/1/23,6,12/1/23,,
SERVICIOS DE ADMINISTRACION E INFORMATICA BALEAR, S.L. - SAIBSA,ENS,Sara,IT,Aceptado,+ Autopresupuesto_no_otros_casos,Cristina: conocidos,,73304,1,2100082684,8/2/23,212,1,142,600,600,,,,73279,1,5,80,1,5,,,8/2/23,12,8/2/23,
SERVICIOS MICROINFORMATICA S.A.,Mantenimiento,Marta,IT,Aceptado,+ Autopresupuesto_no_otros_casos,BD prensa,,73357,1,2100077853,14/2/23,28,1,148,5100,5100,,,,,4,3,1,7,,,15/2/23,6,14/2/23,,,
SERVICIOS TRIBUTARIOS INTEGRALES, S.l.,Mantenimiento,Jose_Miguel,IT,Aceptado,+ Autopresupuesto_no_otros_casos,Cristina: conocidos,,73172,1,2100076598,24/1/23,28,1,125,700,700,,,,,4,3,1,6,,,25/1/23,12,24/1/23,,
SERVICIOS TRIBUTARIOS INTEGRALES, S.l.,ENI,Jose_Miguel,IT,Aceptado,+ Autopresupuesto_no_otros_casos,BD prensa,,66009,1,2100076598,4/5/20,219,1,125,2000,2000,2000,0,,,4,90,1,5,ENI,69,10/1/23,6,4/7/22,,
SETEL, S.A.,ISO 27001,Jose_Miguel,IT,Rechazado,+ Cercanía,Arsenio: cliente,,70828,1,2100083077,14/3/22,26,3,125,3400,3400,3400,0,,,24,19,1,4,,45,15/2/23,3,4/7/22,,
SETEX APARKI, S.A.,ENS,Marta,IT,Aceptado,+ Autopresupuesto_no_otros_casos,BD prensa,,72873,1,2100077738,13/12/22,212,1,148,5100,5100,,,,,4,80,1,5,,,17/1/23,6,13/12/22,,
Sindicatura de Comptes de Catalunya,ENS,Sara,IT,Rechazado,+ Cercanía,APPLUS proporciona contacto,,72820,1,2100083995,30/11/22,212,3,142,12000,12000,0,0,,,17,80,1,4,,45,19/1/23,2,30/11/22,,,
SINERZA ESTRATEGIA Y ORGANIZACIÓN, S.L.,ISO 22301,Marta,IT,Aceptado,+ Autopresupuesto_no_otros_casos,Camara Comercio proporciona contacto,,72343,1,2100080234,5/10/22,195,1,148,2400,2400,,,,72716,11,68,1,4,dublin,,16/1/23,8,5/10/22,,
SISMOTUR, SL,ENS,Jose_Miguel,IT,Aceptado,+ Autopresupuesto_no_otros_casos,Cristina: conocidos,,72894,1,2100081141,14/12/22,212,1,125,3150,3150,0,0,,,4,80,1,5,,45,11/1/23,12,14/12/22,,
SMART HUMAN CAPITAL, SL,9001_27001,ELENA,IT,Aceptado,+ Autopresupuesto_no_otros_casos,Cristina: conocidos,,73216,1,2100076591,30/1/23,206,1,137,1100,1100,,,,,4,19,1,6,,,7/2/23,12,30/1/23,,
SO i ART PRAT, S.L.,PLAN DE IGUALDAD,Jose_Miguel,IGUALDAD,Aceptado,+ Autopresupuesto_no_otros_casos,Camara Comercio proporciona contacto,,73094,1,2100084101,17/1/23,38,1,125,1500,0,0,0,,73062,,13,3,4,,46,17/1/23,8,17/1/23,,
SOFTENG, S.L.,ENS,Marta,IT,Aceptado,+ Autopresupuesto_no_otros_casos,BD prensa,,72946,1,2100079619,20/12/22,212,1,148,6300,6300,,,,,4,80,1,5,,,4/1/23,6,20/12/22,,
SOLUCIONES QES S.L,COMPLIANCE,Marta,COMPLIANCE,Aceptado,+ Autopresupuesto_no_otros_casos,Camara Comercio proporciona contacto,,73323,1,2100084168,9/2/23,221,1,148,3200,3200,,,,,4,92,2,4,,,10/2/23,8,9/2/23,,,
SOLUCIONS INFORMATIQUES MARESME, SL,Auditoria,Jose_Miguel,ISO'S,Aceptado,+ Autopresupuesto_no_otros_casos,BD prensa,,73027,1,2100080355,10/1/23,54,1,125,400,400,,,,,4,3,4,6,,,10/1/23,6,10/1/23,,
SOPRA STERIA ESPAÑA S.A.,ENS,Marta,IT,Aceptado,+ Autopresupuesto_no_otros_casos,BD prensa,,72581,1,2100028784,31/10/22,212,1,148,5100,5100,,,,,,80,1,5,,,31/1/23,6,31/10/22,,,
SPM Digital y Consultoria, SL,varios,Sara,IT,Rechazado,+ Cercanía,Arsenio: cliente,,67049,1,2100080697,4/11/20,43,3,142,6500,6500,0,0,,,23,19,1,4,,45,2/2/23,3,4/7/22,,
STAHLBAU ESTRUCTURAS METÁLICAS SL,Calidad,Sara,,Rechazado,+ Cercanía,Cliente: recomendación,,70561,1,2100082961,16/2/22,6,3,142,1500,1500,0,0,,,23,3,,,,46,3/1/23,9,4/7/22,,,
STR SISTEMAS Y DESARROLLOS EN INTERNET, S.L.,ISO 27001,Jose_Miguel,IT,Rechazado,+ Cercanía,APPLUS proporciona contacto,,72967,1,2100084046,22/12/22,26,3,125,2700,2700,0,0,,,24,19,1,4,,45,26/1/23,2,22/12/22,,
SUMINISTROS Y EQUIPAMIENTOS SUR SLU,Mantenimiento,Sara,ISO'S,Aceptado,+ Autopresupuesto_no_otros_casos,Cristina: conocidos,,73095,1,2100075585,17/1/23,28,1,142,260,260,0,0,,,4,3,4,6,,66,19/1/23,12,17/1/23,,,
SUMINISTROS, IMPORTACIONES Y MANTENIMIENTOS ELECTRONICOS S.A.,ENS,Marta,IT,Aceptado,+ Autopresupuesto_no_otros_casos,BD prensa,,73092,1,2100064666,17/1/23,212,1,148,3900,3900,,,,,4,80,1,5,Nuevo ENS,,8/2/23,6,17/1/23,,
SUMINISTROS, IMPORTACIONES Y MANTENIMIENTOS ELECTRONICOS S.A.,ISO 27001,Marta,IT,Aceptado,+ Autopresupuesto_no_otros_casos,BD prensa,,72087,1,2100064666,6/9/22,26,1,148,65,65,,65,,,4,19,1,6,,,15/2/23,6,6/9/22,,
TASASUR SOCIEDAD DE TASACIONES, S.A.,Auditoria,Romina,ISO'S,Aceptado,+ Autopresupuesto_no_otros_casos,Cristina: conocidos,,73192,1,2047467764,26/1/23,54,1,23,320,320,320,,,,4,3,4,6,,,14/2/23,12,26/1/23,,
TECNITEX,Medio_ambiente,ELENA,ISO'S,Aceptado,+ Autopresupuesto_no_otros_casos,BD prensa,,65543,16,2100072988,7/2/20,35,1,137,2495,2495,0,0,,,,4,4,5,mail,54,7/2/23,6,4/7/22,,,
TENEA TECNOLOGIAS, S.L.,varios,Sara,IT,Aceptado,+ Autopresupuesto_no_otros_casos,APPLUS proporciona contacto,,69537,1,2100080933,21/9/21,43,1,142,7650,7650,0,0,,rev2,5,19,1,4,9+27+20,45,24/1/23,2,4/7/22,,
TERA INSTALACIONES ELECTRICAS Y MECANICAS, S.L.,Mantenimiento_anual,Jose_Miguel,ISO'S,Aceptado,+ Autopresupuesto_no_otros_casos,Cristina: conocidos,,73055,1,2100075782,12/1/23,192,1,125,960,0,0,0,,,4,3,4,7,,64,17/1/23,12,12/1/23,,
TICSMART, SL,Mantenimiento,Jose_Miguel,IT,Aceptado,+ Autopresupuesto_no_otros_casos,Cristina: conocidos,,72962,1,2100078207,22/12/22,28,1,125,500,500,0,0,,,4,19,1,6,,45,31/1/23,12,22/12/22,,
TRACTAMENT I SELECCIÓ DE RESIDUS, S.A.,Auditoria,Sara,ISO'S,Rechazado,+ Cercanía,BD prensa,,71386,1,2100076894,1/6/22,54,3,142,8300,8300,0,0,,,21,3,4,5,LICITACION,66,31/1/23,6,4/7/22,,
TRANSPERFECT TRANSLATIONS SL,PLAN DE IGUALDAD,Sara,IGUALDAD,Rechazado,+ Cercanía,APPLUS proporciona contacto,,73080,1,2100084089,16/1/23,38,3,142,5600,2200,1200,0,,,25,13,3,4,,45,19/1/23,2,16/1/23,,,
TRANSPORTES RICHARD, S.L.,Marcado CE ARIDOS,Patricio,ISO'S,Aceptado,+ Autopresupuesto_no_otros_casos,BD prensa,,73199,3,2047468009,26/1/23,29,1,140,640,640,250,50,,,4,12,4,6,e.mail,,27/1/23,6,26/1/23,,
TRAYPAS, SL,Auditoria,Sara,ISO'S,Aceptado,+ Autopresupuesto_no_otros_casos,Cristina: conocidos,,72996,1,2100080425,3/1/23,54,1,142,480,480,0,0,,,4,3,4,6,,66,20/1/23,12,3/1/23,,
TWENIX PLATFORM SL,Calidad,Sara,,Rechazado,+ Cercanía,Arsenio: cliente,,71063,1,2100083249,18/4/22,6,3,142,1900,1600,0,0,,,24,3,,,REV1,45,5/1/23,3,4/7/22,,,
UHY FAY AND CO AUDITORES ASESORES S.L.P.,Memorias no financieras,Marta,COMPLIANCE,Aceptado,+ Autopresupuesto_no_otros_casos,BD prensa,,72728,1,2100080781,18/11/22,214,1,148,10900,10900,,,,,4,83,2,5,RBA,,13/1/23,6,18/11/22,,,
UNIVERSAL TICKETS, S.L.,ENS,Jose_Miguel,IT,Aceptado,+ Autopresupuesto_no_otros_casos,AXESOR,,70584,5,2100079315,18/2/22,212,1,125,5950,5950,,,,,13,80,1,4,,,10/1/23,5,4/7/22,,
VERIDAS Digital Authentication Solutions, S.L,Auditoria,Marta,IT,Aceptado,+ Autopresupuesto_no_otros_casos,BD prensa,,73384,5,2100077117,15/2/23,54,1,148,270,270,,,,72488_1,4,19,1,6,,,15/2/23,6,15/2/23,,
VERIDAS Digital Authentication Solutions, S.L,ENS,Marta,IT,Aceptado,+ Autopresupuesto_no_otros_casos,BD prensa,,73121,5,2100077117,19/1/23,212,1,148,2800,2800,,,,,4,80,1,5,,,24/1/23,6,19/1/23,,
VIAJES REINA, S.L.,ISO 27001,Jose_Miguel,IT,Aceptado,+ Autopresupuesto_no_otros_casos,APPLUS proporciona contacto,,72925,1,2100084035,15/12/22,26,1,125,3800,3800,0,0,,,13,19,1,4,,45,7/2/23,2,15/12/22,,
VILT IBERICA S.L.U.,ENS,Marta,IT,Aceptado,+ Autopresupuesto_no_otros_casos,BD prensa,,73122,1,2100077953,19/1/23,212,1,148,2900,2900,,,,,4,80,1,5,,,7/2/23,6,19/1/23,,,
VIRENSIS S.A.,Mantenimiento,Marta,ISO'S,Aceptado,+ Autopresupuesto_no_otros_casos,BD prensa,,73208,1,2047500546,27/1/23,28,1,148,2800,2800,,,,,4,4,4,6,,,27/1/23,6,27/1/23,,,
VIRENSIS S.A.,LOPD_A_y_M,Marta,COMPLIANCE,Aceptado,+ Autopresupuesto_no_otros_casos,BD prensa,,73028,1,2047500546,11/1/23,186,1,148,2100,2100,,,,,4,6,2,5,,,24/1/23,6,11/1/23,,,
WE CAN PLUS SL,ISO 27001,Sara,IT,Rechazado,+ Cercanía,Arsenio: cliente,,72013,1,2100083666,24/8/22,26,3,142,1900,1900,0,0,,,24,19,1,4,,45,26/1/23,3,24/8/22,,,
WEEWOO SL,PLAN DE IGUALDAD,Sara,IGUALDAD,Rechazado,+ Cercanía,APPLUS proporciona contacto,,73070,1,2100084086,13/1/23,38,3,142,1900,650,0,0,,,17,13,3,4,,45,6/2/23,2,13/1/23,,,
WISE SECURITY GLOBAL, S.L.,ENS,Marta,IT,Aceptado,+ Autopresupuesto_no_otros_casos,BD prensa,,72514,1,2100077824,25/10/22,212,1,148,4500,4500,,,,,4,80,1,5,rebold,,18/1/23,6,25/10/22,,
WR FREIRIA SL,Tisax,Sara,IT,Aceptado,+ Autopresupuesto_no_otros_casos,AENOR proporciona contacto,,70966,1,2100083156,30/3/22,213,1,142,6600,6600,6600,0,,,5,81,1,4,,45,14/2/23,1,4/7/22,,,
ZERO ENERGETIC HOUSING SL,Marcado CE,Sara,ISO'S,Rechazado,+ Cercanía,Arsenio: cliente,,72129,1,2100083728,13/9/22,44,3,142,1900,1900,0,0,,,23,12,4,4,,45,17/1/23,3,13/9/22,,,
EMPRESA TEST 1,PLAN DE IGUALDAD,Manuel Gago,IGUALDAD,Rechazado,+ Cercanía,APPLUS proporciona contacto,,8001,72971,2104455840,30/3/22,6,1,148,1900,650,0,0,,,17,13,3,4,,,,,,,,
EMPRESA TEST 2, S.L.,Manuel Gago,Marta,IT,Aceptado,+ Autopresupuesto_no_otros_casos,,8002,73287,2104455841,13/9/22,6,1,148,148,4500,4500,,,,,4,80,1,,,,,,,,
EMPRESA TEST 3,Tisax,Manuel Gago,IT,Aceptado,+ Autopresupuesto_no_otros_casos,AENOR proporciona contacto,,8003,73098,2104455842,30/3/22,6,1,148,6600,6600,6600,0,,,5,81,1,4,,,,,,,,
EMPRESA TEST 4,Marcado CE,Manuel Gago,ISO'S,Rechazado,+ Cercanía,Arsenio: cliente,,8004,72627,2104455843,13/9/22,6,3,142,1900,1900,0,0,,,23,12,4,4,,,,,,,,
